"name","details"
"ORANGE HOUSE DESIGN LIMITED","34 SILVER STREET WILLINGHAM CAMBRIDGESHIRE, CB4 5LF"
"Quest Australia & New Zealand","United States"
"EBIZZERS LIMITED","Cranwood St London, England EC1V United Kingdom"
"Reink Media Group","306 S. Washington Royal Oak, MI 48067 United States"
"Resolve Consulting Services","5119 Highland Rd Suite #267 Waterford, MI 48327 United States"
"Revolution Software Technologies Private Limited","110049 India"
"Red Mangrove Development Advisors (R.M.D.A.)","195 rue de Paris Charenton-le-Pont, France 94220 France"
"Funkle AS",". Notodden, Norway"
"Rushecorp Enterprises","| Durban, KwaZulu-Natal South Africa"
"Samson Electronics","1621 S Main St Milpitas, California 95035-6261 United States"
"Digital Wolf","514 Flat Shoals Ave Suite C Atlanta, GA 30316 United States"
"San Francisco Computer Training and Services","442A Guerrero Street San Francisco, CA 94110 United States"
"schrempp edv","Rainer-Haungs-Str. 7 Lahr, Lahr Schwarzwald 77933 Germany"
"Fusion Masters","United Kingdom"
"SF International","Rua Conde Roland Von Faber Castell, 69 São Carlos, São Paulo 13564-670 Brazil"
"Sheelah Clarkson Agency","350 Chadwick Avenue Suite 300 Asheville, 28804 United States"
"Siers Groep Oldenzaal B.V.","Schuttersveldstraat 22 Oldenzaal, 7575BR Netherlands"
"Freeform3D","1 Fore Street London, United Kingdom EC2Y 9DT United Kingdom"
"FSM SOFTWARE LIMITED","40 Buccaneer Close Woodley, RG5 4XP United Kingdom"
"Fe Design Interiors","Australia"
